key,code,instantiationMoment,heading,description,department,email,link
claim-01,ABC-123,"2020/12/31 12:30",Sample Heading,Sample Description,Sample Department,sample@email.com,http://example.com
claim-02,ABD-123,"2020/12/31 00:00",Sample Heading,Sample Description,Sample Department,sample@email.com,http://example.com
claim-03,ABE-123,"2020/12/21 00:01",Sample Heading,Sample Description,Sample Department,sample@email.com,http://example.com
claim-04,ABF-123,"2020/12/31 23:59",Sample Heading,Sample Description,Sample Department,sample@email.com,http://example.com
claim-05,ABG-123,"2020/01/01 12:30",Sample Heading,Sample Description,Sample Department,sample@email.com,http://example.com
claim-06,ABH-123,"2020/01/01 00:00",Sample Heading,Sample Description,Sample Department,sample@email.com,http://example.com
claim-07,ABI-123,"2020/01/01 00:01",Sample Heading,Sample Description,Sample Department,sample@email.com,http://example.com
claim-08,ABJ-123,"2020/01/01 23:59",Sample Heading,Sample Description,Sample Department,sample@email.com,http://example.com
claim-09,ABK-123,"2020/02/29 12:30",Sample Heading,Sample Description,Sample Department,sample@email.com,http://example.com
claim-10,ABL-123,"2020/02/29 00:00",Sample Heading,Sample Description,Sample Department,sample@email.com,http://example.com
claim-11,ABM-123,"2020/02/29 00:01",Sample Heading,Sample Description,Sample Department,sample@email.com,http://example.com
claim-12,ABN-123,"2020/02/29 23:59",Sample Heading,Sample Description,Sample Department,sample@email.com,http://example.com
claim-13,ABO-123,"2021/02/28 12:30",Sample Heading,Sample Description,Sample Department,sample@email.com,http://example.com
claim-14,ABP-123,"2021/02/28 00:00",Sample Heading,Sample Description,Sample Department,sample@email.com,http://example.com
claim-15,ABQ-123,"2021/02/28 00:01",Sample Heading,Sample Description,Sample Department,sample@email.com,http://example.com
claim-16,ABR-123,"2021/02/28 23:59",Sample Heading,Sample Description,Sample Department,sample@email.com,http://example.com
claim-17,ABS-123,"2020/06/01 12:30",This is a realy realy large heading to proove de limits of the restriction,Sample Description,Sample Department,sample@email.com,http://example.com
claim-18,ABT-123,"2020/06/01 12:30",Sample Heading with numbers 0123456789,Sample Description,Sample Department,sample@email.com,http://example.com
claim-19,ABU-123,"2020/06/01 12:30",S,Sample Description,Sample Department,sample@email.com,http://example.com
claim-20,ABW-123,"2020/06/01 12:30",标题样本,Sample Description,Sample Department,sample@email.com,http://example.com
claim-21,ABY-123,"2020/06/01 12:30",Sample Heading,This is a realy realy large description to proove de limits of the restriction of the descriptionnn,Sample Department,sample@email.com,http://example.com
claim-22,ABX-123,"2020/06/01 12:30",Sample Heading,Sample Description with numbers 0123456789,Sample Department,sample@email.com,http://example.com
claim-23,ABZ-123,"2020/06/01 12:30",Sample Heading,D,Sample Department,sample@email.com,http://example.com
claim-24,AAA-123,"2020/06/01 12:30",Sample Heading,标题样本,Sample Department,sample@email.com,http://example.com
claim-25,BBB-123,"2020/06/01 12:30",Sample Heading,Sample Description,This is a realy realy large Department to proove de limits of the restriction of thee departmennttt,sample@email.com,http://example.com
claim-26,CCC-123,"2020/06/01 12:30",Sample Heading,Sample Description,Sample Department with numbers 0123456789,sample@email.com,http://example.com
claim-27,DDD-123,"2020/06/01 12:30",Sample Heading,Sample Description,D,sample@email.com,http://example.com
claim-28,EEE-123,"2020/06/01 12:30",Sample Heading,Sample Description,标题样本,sample@email.com,http://example.com
claim-29,FFF-123,"2020/06/01 12:30",Sample Heading,Sample Description,Sample Department,,http://example.com
claim-30,GGG-123,"2020/06/01 12:30",Sample Heading,Sample Description,Sample Department,sample@email.com,