key,instantiationMoment,title,author,message,email,link
notice-01,"2020/12/31 12:30",Title,"testusername-Surname,Name",Message,test@example.com,http://example.com
notice-02,"2020/12/31 00:00",Title,"testusername-Surname,Name",Message,test@example.com,http://example.com
notice-03,"2020/12/21 00:01",Title,"testusername-Surname,Name",Message,test@example.com,http://example.com
notice-04,"2020/12/31 23:59",Title,"testusername-Surname,Name",Message,test@example.com,http://example.com
notice-05,"2020/01/01 12:30",Title,"testusername-Surname,Name",Message,test@example.com,http://example.com
notice-06,"2020/01/01 00:00",Title,"testusername-Surname,Name",Message,test@example.com,http://example.com
notice-07,"2020/01/01 00:01",Title,"testusername-Surname,Name",Message,test@example.com,http://example.com
notice-08,"2020/01/01 23:59",Title,"testusername-Surname,Name",Message,test@example.com,http://example.com
notice-09,"2020/02/29 12:30",Title,"testusername-Surname,Name",Message,test@example.com,http://example.com
notice-10,"2020/02/29 00:00",Title,"testusername-Surname,Name",Message,test@example.com,http://example.com
notice-11,"2020/02/29 00:01",Title,"testusername-Surname,Name",Message,test@example.com,http://example.com
notice-12,"2020/02/29 23:59",Title,"testusername-Surname,Name",Message,test@example.com,http://example.com
notice-13,"2021/02/28 12:30",Title,"testusername-Surname,Name",Message,test@example.com,http://example.com
notice-14,"2021/02/28 00:00",Title,"testusername-Surname,Name",Message,test@example.com,http://example.com
notice-15,"2021/02/28 00:01",Title,"testusername-Surname,Name",Message,test@example.com,http://example.com
notice-16,"2021/02/28 23:59",Title,"testusername-Surname,Name",Message,test@example.com,http://example.com
notice-17,"2020/06/01 12:30",Este texto tiene exactamente 75 caracteres  incluyendo espacios.,"testusername-Surname,Name",Message,test@example.com,http://example.com
notice-18,"2020/06/01 12:30",T,"testusername-Surname,Name",Message,test@example.com,http://example.com
notice-19,"2020/06/01 12:30",Title with numbers 0123456789,"testusername-Surname,Name",Message,test@example.com,http://example.com
notice-20,"2020/06/01 12:30",标题样本,"testusername-Surname,Name",Message,test@example.com,http://example.com
notice-21,"2020/06/01 12:30",Title,"testusername-Surname,Name",Aquí tienes un texto que alcanza la longitud de 100 caracteres  contando los espacios entre las pal,test@example.com,http://example.com
notice-22,"2020/06/01 12:30",Title,"testusername-Surname,Name",M,test@example.com,http://example.com
notice-23,"2020/06/01 12:30",Title,"testusername-Surname,Name",Message with numbers 0123456789,test@example.com,http://example.com
notice-24,"2020/06/01 12:30",Title,"testusername-Surname,Name",标题样本,test@example.com,http://example.com
notice-25,"2020/06/01 12:30",Title,"testusername-Surname,Name",Message,,http://example.com
notice-26,"2020/06/01 12:30",Title,"testusername-Surname,Name",Message,test@example0123456789.com,http://example.com
notice-27,"2020/06/01 12:30",Title,"testusername-Surname,Name",Message,test@example.com,http://example0123456789.com
notice-28,"2020/06/01 12:30",Title,"testusername-Surname,Name",Message,test@example.com,