key,instantiationMoment,title,description,priority,isCritical,startDate,endDate,link
objective-01,"2020/12/31 12:30",Title,Description,LOW,true,"2021/06/01 12:30","2021/07/01 12:30",http://example.com
objective-02,"2020/12/31 00:00",Title,Description,LOW,true,"2021/06/01 12:30","2021/07/01 12:30",http://example.com
objective-03,"2020/12/21 00:01",Title,Description,LOW,true,"2021/06/01 12:30","2021/07/01 12:30",http://example.com
objective-04,"2020/12/31 23:59",Title,Description,LOW,true,"2021/06/01 12:30","2021/07/01 12:30",http://example.com
objective-05,"2020/01/01 12:30",Title,Description,LOW,true,"2021/06/01 12:30","2021/07/01 12:30",http://example.com
objective-06,"2020/01/01 00:00",Title,Description,LOW,true,"2021/06/01 12:30","2021/07/01 12:30",http://example.com
objective-07,"2020/01/01 00:01",Title,Description,LOW,true,"2021/06/01 12:30","2021/07/01 12:30",http://example.com
objective-08,"2020/01/01 23:59",Title,Description,LOW,true,"2021/06/01 12:30","2021/07/01 12:30",http://example.com
objective-09,"2020/02/29 12:30",Title,Description,LOW,true,"2021/06/01 12:30","2021/07/01 12:30",http://example.com
objective-10,"2020/02/29 00:00",Title,Description,LOW,true,"2021/06/01 12:30","2021/07/01 12:30",http://example.com
objective-11,"2020/02/29 00:01",Title,Description,LOW,true,"2021/06/01 12:30","2021/07/01 12:30",http://example.com
objective-12,"2020/02/29 23:59",Title,Description,LOW,true,"2021/06/01 12:30","2021/07/01 12:30",http://example.com
objective-13,"2021/02/28 12:30",Title,Description,LOW,true,"2021/06/01 12:30","2021/07/01 12:30",http://example.com
objective-14,"2021/02/28 00:00",Title,Description,LOW,true,"2021/06/01 12:30","2021/07/01 12:30",http://example.com
objective-15,"2021/02/28 00:01",Title,Description,LOW,true,"2021/06/01 12:30","2021/07/01 12:30",http://example.com
objective-16,"2021/02/28 23:59",Title,Description,LOW,true,"2021/06/01 12:30","2021/07/01 12:30",http://example.com
objective-17,"2019/06/01 12:30",Realy large titleeeeeeeeeeeeeeeeeeeeeeeeeeeeeeeeeeeeeee with 75 characters,Description,LOW,true,"2021/06/01 12:30","2021/07/01 12:30",http://example.com
objective-18,"2019/06/01 12:30",T,Description,LOW,true,"2021/06/01 12:30","2021/07/01 12:30",http://example.com
objective-19,"2019/06/01 12:30",标题样本,Description,LOW,true,"2021/06/01 12:30","2021/07/01 12:30",http://example.com
objective-20,"2019/06/01 12:30",Title,Realy Realy Realy large Descriptioooooooooon withh 100 characters in the descriptioon to  proove it,LOW,true,"2021/06/01 12:30","2021/07/01 12:30",http://example.com
objective-21,"2019/06/01 12:30",Title,D,LOW,true,"2021/06/01 12:30","2021/07/01 12:30",http://example.com
objective-22,"2019/06/01 12:30",Title,标题样本,LOW,true,"2021/06/01 12:30","2021/07/01 12:30",http://example.com
objective-23,"2019/06/01 12:30",Title,Description,LOW,true,"2021/06/01 12:30","2021/07/01 12:30",http://example.com
objective-24,"2019/06/01 12:30",Title,Description,MEDIUM,true,"2021/06/01 12:30","2021/07/01 12:30",http://example.com
objective-25,"2019/06/01 12:30",Title,Description,HIGH,true,"2021/06/01 12:30","2021/07/01 12:30",http://example.com
objective-26,"2019/06/01 12:30",Title,Description,LOW,true,"2021/06/01 12:30","2021/07/01 12:30",http://example.com
objective-27,"2019/06/01 12:30",Title,Description,LOW,false,"2021/06/01 12:30","2021/07/01 12:30",http://example.com
objective-28,"2019/06/01 12:30",Title,Description,LOW,True,"2020/12/31 12:30","2021/07/01 12:30",http://example.com
objective-29,"2019/06/01 12:30",Title,Description,LOW,True,"2020/12/31 00:00","2021/07/01 12:30",http://example.com
objective-30,"2019/06/01 12:30",Title,Description,LOW,True,"2020/12/21 00:01","2021/07/01 12:30",http://example.com
objective-31,"2019/06/01 12:30",Title,Description,LOW,True,"2020/12/31 23:59","2021/07/01 12:30",http://example.com
objective-32,"2019/06/01 12:30",Title,Description,LOW,True,"2020/01/01 12:30","2021/07/01 12:30",http://example.com
objective-33,"2019/06/01 12:30",Title,Description,LOW,True,"2020/01/01 00:00","2021/07/01 12:30",http://example.com
objective-34,"2019/06/01 12:30",Title,Description,LOW,True,"2020/01/01 00:01","2021/07/01 12:30",http://example.com
objective-35,"2019/06/01 12:30",Title,Description,LOW,True,"2020/01/01 23:59","2021/07/01 12:30",http://example.com
objective-36,"2019/06/01 12:30",Title,Description,LOW,True,"2020/02/29 12:30","2021/07/01 12:30",http://example.com
objective-37,"2019/06/01 12:30",Title,Description,LOW,True,"2020/02/29 00:00","2021/07/01 12:30",http://example.com
objective-38,"2019/06/01 12:30",Title,Description,LOW,True,"2020/02/29 00:01","2021/07/01 12:30",http://example.com
objective-39,"2019/06/01 12:30",Title,Description,LOW,True,"2020/02/29 23:59","2021/07/01 12:30",http://example.com
objective-40,"2019/06/01 12:30",Title,Description,LOW,True,"2021/02/28 12:30","2021/07/01 12:30",http://example.com
objective-41,"2019/06/01 12:30",Title,Description,LOW,True,"2021/02/28 00:00","2021/07/01 12:30",http://example.com
objective-42,"2019/06/01 12:30",Title,Description,LOW,True,"2021/02/28 00:01","2021/07/01 12:30",http://example.com
objective-43,"2019/06/01 12:30",Title,Description,LOW,True,"2021/02/28 23:59","2021/07/01 12:30",http://example.com
objective-44,"2019/06/01 12:30",Title,Description,LOW,True,"2019/07/01 12:30","2020/12/31 12:30",http://example.com
objective-45,"2019/06/01 12:30",Title,Description,LOW,True,"2019/07/01 12:30","2020/12/31 00:00",http://example.com
objective-46,"2019/06/01 12:30",Title,Description,LOW,True,"2019/07/01 12:30","2020/12/21 00:01",http://example.com
objective-47,"2019/06/01 12:30",Title,Description,LOW,True,"2019/07/01 12:30","2020/12/31 23:59",http://example.com
objective-48,"2019/06/01 12:30",Title,Description,LOW,True,"2019/07/01 12:30","2020/01/01 12:30",http://example.com
objective-49,"2019/06/01 12:30",Title,Description,LOW,True,"2019/07/01 12:30","2020/01/01 00:00",http://example.com
objective-50,"2019/06/01 12:30",Title,Description,LOW,True,"2019/07/01 12:30","2020/01/01 00:01",http://example.com
objective-51,"2019/06/01 12:30",Title,Description,LOW,True,"2019/07/01 12:30","2020/01/01 23:59",http://example.com
objective-52,"2019/06/01 12:30",Title,Description,LOW,True,"2019/07/01 12:30","2020/02/29 12:30",http://example.com
objective-53,"2019/06/01 12:30",Title,Description,LOW,True,"2019/07/01 12:30","2020/02/29 00:00",http://example.com
objective-54,"2019/06/01 12:30",Title,Description,LOW,True,"2019/07/01 12:30","2020/02/29 00:01",http://example.com
objective-55,"2019/06/01 12:30",Title,Description,LOW,True,"2019/07/01 12:30","2020/02/29 23:59",http://example.com
objective-56,"2019/06/01 12:30",Title,Description,LOW,True,"2019/07/01 12:30","2021/02/28 12:30",http://example.com
objective-57,"2019/06/01 12:30",Title,Description,LOW,True,"2019/07/01 12:30","2021/02/28 00:00",http://example.com
objective-58,"2019/06/01 12:30",Title,Description,LOW,True,"2019/07/01 12:30","2021/02/28 00:01",http://example.com
objective-59,"2019/06/01 12:30",Title,Description,LOW,True,"2019/07/01 12:30","2021/02/28 23:59",http://example.com
objective-60,"2019/06/01 12:30",Title,Description,LOW,True,"2021/06/01 12:30","2021/07/01 12:30",