key,reference,identificationDate,impact,probability,description,link
risk-01,R-001,2020/12/31 12:30,12.2,0.50,Sample Description,https://example.com
risk-02,R-002,2020/12/31 00:00,12.2,0.50,Sample Description,https://example.com
risk-03,R-003,2020/12/21 00:01,12.2,0.50,Sample Description,https://example.com
risk-04,R-004,2020/12/31 23:59,12.2,0.50,Sample Description,https://example.com
risk-05,R-005,2020/01/01 12:30,12.2,0.50,Sample Description,https://example.com
risk-06,R-006,2020/01/01 00:00,12.2,0.50,Sample Description,https://example.com
risk-07,R-007,2020/01/01 00:01,12.2,0.50,Sample Description,https://example.com
risk-08,R-008,2020/01/01 23:59,12.2,0.50,Sample Description,https://example.com
risk-09,R-009,2020/02/29 12:30,12.2,0.50,Sample Description,https://example.com
risk-10,R-010,2020/02/29 00:00,12.2,0.50,Sample Description,https://example.com
risk-11,R-011,2020/02/29 00:01,12.2,0.50,Sample Description,https://example.com
risk-12,R-012,2020/02/29 23:59,12.2,0.50,Sample Description,https://example.com
risk-13,R-013,2021/02/28 12:30,12.2,0.50,Sample Description,https://example.com
risk-14,R-014,2021/02/28 00:00,12.2,0.50,Sample Description,https://example.com
risk-15,R-015,2021/02/28 00:01,12.2,0.50,Sample Description,https://example.com
risk-16,R-016,2021/02/28 23:59,12.2,0.50,Sample Description,https://example.com
risk-17,R-017,2020/06/01 12:30,0.00001,0.50,Sample Description,https://example.com
risk-18,R-018,2020/06/01 12:30,99.99,0.50,Sample Description,https://example.com
risk-19,R-019,2020/06/01 12:30,12.2,0.01,Sample Description,https://example.com
risk-20,R-020,2020/06/01 12:30,12.2,1.00,Sample Description,https://example.com
risk-21,R-021,2020/06/01 12:30,12.2,0.50,This is a really really large description to prove the limits of the restriction of the description,https://example.com
risk-22,R-022,2020/06/01 12:30,12.2,0.50,S,https://example.com
risk-23,R-023,2020/06/01 12:30,12.2,0.50,Sample Description with numbers 0123456789,https://example.com
risk-24,R-024,2020/06/01 12:30,12.2,0.50,标题样本,https://example.com
risk-25,R-025,2020/06/01 12:30,12.2,0.50,Sample Description,
